year,speaker,text,source
1832,José Joaquín Prieto,Primer Mensaje Presidencial. Se destaca la necesidad de fortalecer las instituciones republicanas y promover la educación pública. El gobierno prioriza la organización administrativa del Estado y el desarrollo del comercio exterior. Los puertos de Valparaíso y San Antonio son motores del crecimiento económico. Se enfatiza la importancia de la paz interior y las relaciones diplomáticas con los países vecinos.,BCN Historia Política - Primer Mensaje Presidencial 1832
1842,Manuel Montt,"Cuenta Pública. La República ha avanzado en su organización institucional. La educación debe ser la base del progreso nacional. Se promueve la construcción de escuelas en todas las provincias. El ferrocarril unirá Santiago con Valparaíso, transformando la geografía económica del país. Se impulsan las ciencias y las letras como instrumentos de civilización.",BCN Historia Política - Cuenta Pública 1842
1861,Manuel Montt,Cuenta Pública. Chile ha mantenido la paz y el orden público. La instrucción pública se ha extendido a nuevas provincias. Concepción y la frontera del Biobío requieren atención especial para consolidar la soberanía nacional. El comercio con Europa y América del Norte crece sostenidamente. Se impulsan las obras públicas y la colonización del sur.,BCN Historia Política - Cuenta Pública 1861
1873,José Manuel Balmaceda,"Cuenta Pública. El progreso material de la República es innegable. Los ferrocarriles se extienden hacia el sur, uniendo Santiago con Chillán y Temuco. La colonización del Territorio de Magallanes requiere políticas activas. La instrucción primaria debe ser obligatoria y laica para todos los chilenos. Se proyectan importantes obras de irrigación.",BCN Historia Política - Cuenta Pública 1873
1902,Germán Riesco,Cuenta Pública. El país experimenta una notable transformación económica. La industria salitrera alcanza su máximo esplendor. Se promueven las inversiones extranjeras en minería y ferrocarriles. La educación secundaria y universitaria requiere mayor inversión. Se fortalecen las relaciones con las naciones europeas.,BCN Historia Política - Cuenta Pública 1902
1925,Emiliano Figueroa,Cuenta Pública. Se ha promulgado nueva Constitución Política que moderniza el Estado. La separación entre Iglesia y Estado es un hito histórico. Se impulsa la industrialización y la protección de los trabajadores. La banca central debe ser autónoma para garantizar la estabilidad monetaria. Se amplían las vías de comunicación regional.,BCN Historia Política - Cuenta Pública 1925
1932,Juan Esteban Montero,Cuenta Pública. La crisis económica mundial ha golpeado fuertemente a Chile. Se implementan medidas de austeridad fiscal. El desempleo requiere políticas públicas de emergencia. La reorganización del Estado es prioridad para superar la crisis. Se busca diversificar la economía más allá de la minería del salitre y el cobre.,BCN Historia Política - Cuenta Pública 1932
1942,Juan Antonio Ríos,Cuenta Pública. Chile participa activamente en el esfuerzo de guerra aliado. La producción de cobre y otros minerales estratégicos es vital para la causa democrática. Se promueve la sustitución de importaciones y la industrialización. La educación técnica debe formar trabajadores calificados para las nuevas industrias.,BCN Historia Política - Cuenta Pública 1942
1946,Gabriel González Videla,Cuenta Pública. Chile ingresa a las Naciones Unidas como miembro fundador. La reforma agraria es necesaria para distribuir equitativamente la tierra. Se impulsa la electrificación del país y la construcción de embalses. La ciencia y la tecnología deben al servicio del desarrollo nacional. Se promueve la vivienda popular.,BCN Historia Política - Cuenta Pública 1946
1952,Carlos Ibáñez del Campo,Cuenta Pública. Se ha iniciado un proceso de modernización del Estado. La política de bienestar social busca mejorar las condiciones de vida de los trabajadores. La educación gratuita y el sistema de previsión social son pilares del progreso. Se impulsa la construcción de hospitales y consultorios en todo el país.,BCN Historia Política - Cuenta Pública 1952
1960,Jorge Alessandri,Cuenta Pública. El terremoto del 22 de mayo ha causado devastación en el sur del país. Los esfuerzos de reconstrucción son prioridad nacional. Se establece la Corporación de Reconstrucción y Auxilio. La cooperación internacional ha sido solidaria. La educación y la salud en las zonas afectadas requieren atención urgente.,BCN Historia Política - Cuenta Pública 1960
1965,Eduardo Frei Montalva,Cuenta Pública. La Reforma Agraria es el gran proyecto nacional. La justicia social exige redistribuir la tierra. La educación es el instrumento de平等 social. Se impulsan las reformas constitucionales para modernizar el Estado. La Alianza para el Progreso con Estados Unidos debe financiar el desarrollo. La cristianización del pueblo es un deber.,BCN Historia Política - Cuenta Pública 1965
1973,Salvador Allende,"Compatriotas: Esta será seguramente la última oportunidad en que me pueda dirigir a ustedes. La Fuerza Aérea ha bombardeado las torres de Radio Portales y Radio Corporación. Mis palabras no tienen amargura, sino decepción, y serán ellas el castigo moral para los que han traicionado el juramento que hicieron... Ante estos hechos, sólo me cabe decirle a los trabajadores: ¡Yo no voy a renunciar! Colocado en un tránsito histórico, pagaré con mi vida la lealtad del pueblo. Y les digo que tengo la certeza de que la semilla que entregáramos a la conciencia digna de miles y miles de chilenos, no podrá ser segada definitivamente. Tienen la fuerza, podrán avasallarnos, pero no se detienen los procesos sociales ni con el crimen... ni con la fuerza. La historia es nuestra y la hacen los pueblos. Trabajadores de mi patria: Quiero agradecerles la lealtad que siempre tuvieron, la confianza que depositaron en un hombre que sólo fue intérprete de grandes anhelos de justicia. Trabajadores de mi patria: tengo fe en Chile y su destino. Superarán otros hombres este momento gris y amargo, donde la traición pretende imponerse. Sigan ustedes sabiendo que, mucho más temprano que tarde, de nuevo abrirán las grandes alamedas por donde pase el hombre libre para construir una sociedad mejor. ¡Viva Chile! ¡Viva el pueblo! ¡Vivan los trabajadores!",Wikisource - Último discurso de Salvador Allende (11 de septiembre de 1973)
1990,Patricio Aylwin,Cuenta Pública. Chile inicia una nueva era de democracia y reconciliación nacional. La Comisión Rettig investigará las violaciones a los derechos humanos. Se impulsan las reformas económicas con rostro humano. La educación y la salud son prioridades del gobierno. Chile debe integrarse al mundo globalizado sin perder su identidad.,BCN Historia Política - Cuenta Pública 1990
1994,Eduardo Frei Ruiz-Tagle,Cuenta Pública. Chile avanza hacia la modernización y la inserción internacional. La educación de calidad es la base del desarrollo. Se promueve la ciencia y la tecnología como motores de crecimiento. La pobreza debe ser erradicada mediante políticas sociales eficientes. Chile se prepara para ingresar a la OCDE.,BCN Historia Política - Cuenta Pública 1994
2000,Ricardo Lagos,Cuenta Pública. Chile enfrenta el desafío de la globalización con reformas estructurales. La educación gratuita es un derecho que se implementará progresivamente. La innovación y la competitividad son clave para el crecimiento. Se profundiza la democracia participativa. Chile debe ser un líder regional en desarrollo sustentable.,BCN Historia Política - Cuenta Pública 2000
